
--
-- Host: localhost
-- 생성 시간: 19-10-11 17:54
-- 서버 버전: 10.1.13-MariaDB
-- PHP 버전: 7.3.1p1

SET SQL_MODE = "NO_AUTO_VALUE_ON_ZERO";
SET AUTOCOMMIT = 0;
START TRANSACTION;
SET time_zone = "+00:00";


-- --------------------------------------------------------

--
-- 테이블 구조 `Mission`
--

CREATE TABLE `Mission` (
  `missionID` int(11) NOT NULL,
  `missionName` text NOT NULL,
  `missionTime` int(11) DEFAULT NULL,
  `successRate` float DEFAULT NULL,
  `rating` int(11) DEFAULT NULL,
  `expense` int(11) DEFAULT NULL
) ENGINE=InnoDB DEFAULT CHARSET=utf8;

--
-- 테이블의 덤프 데이터 `Mission`
--

INSERT INTO `Mission` (`missionID`, `missionName`, `missionTime`, `successRate`, `rating`, `expense`) VALUES
(1, '엄마에게 전화하기', 10, NULL, NULL, NULL),
(2, '제일 좋아하는 옷 입고 외출하기', 10, NULL, NULL, NULL),
(3, '우편으로 편지 보내기', 20, NULL, NULL, NULL),
(4, '친구랑 영어로 전화하기', 10, NULL, NULL, NULL),
(5, '칭찬 10번 하기', 10, NULL, NULL, NULL),
(6, '한 손으로 타자연습 100타 넘기기', 30, NULL, NULL, NULL),
(7, '좋아하는 노래 들으면서 명상하기', 20, NULL, NULL, NULL),
(8, '자기 전에 클래식 음악을 들으며 스트레칭 하기', 10, NULL, NULL, NULL),
(9, '물 2L 마시기', 15, NULL, NULL, NULL),
(10, '어렸을 때 제일 좋아했던 과자 사먹기', 5, NULL, NULL, NULL),
(11, '집 앞 산책하기', 20, NULL, NULL, NULL),
(12, '예전 사진 다시 보기', 15, NULL, NULL, NULL),
(13, '오늘 하루 그림 일기 쓰기', 15, NULL, NULL, NULL),
(14, '\'오늘 하루는 최고였어\'라고 10번 말하고 자기', 3, NULL, NULL, NULL),
(15, '라디오에 사연 보내기', 10, NULL, NULL, NULL),
(16, '퍼즐 맞추기', 30, NULL, NULL, NULL);

-- --------------------------------------------------------

--
-- 테이블 구조 `MissionEvaluation`
--

CREATE TABLE `MissionEvaluation` (
  `evaluationIndex` varchar(20) NOT NULL,
  `user` varchar(20) NOT NULL,
  `mission` int(11) NOT NULL,
  `expected_rating` int(11) DEFAULT NULL,
  `rating` int(11) NOT NULL,
  `weather` int(11) DEFAULT NULL,
  `date` date DEFAULT NULL,
  `comment` text,
  `picture` text COMMENT '이미지 주소가 들어있음'
) ENGINE=InnoDB DEFAULT CHARSET=utf8;

--
-- 테이블의 덤프 데이터 `MissionEvaluation`
--

INSERT INTO `MissionEvaluation` (`evaluationIndex`, `user`, `mission`, `expected_rating`, `rating`, `weather`, `date`, `comment`, `picture`) VALUES
('10.1', '10', 1, NULL, 6, NULL, NULL, NULL, NULL),
('10.10', '10', 10, NULL, 5, NULL, NULL, NULL, NULL),
('10.11', '10', 11, NULL, 10, NULL, NULL, NULL, NULL),
('10.12', '10', 12, NULL, 10, NULL, NULL, NULL, NULL),
('10.13', '10', 13, NULL, 7, NULL, NULL, NULL, NULL),
('10.14', '10', 14, NULL, 5, NULL, NULL, NULL, NULL),
('10.15', '10', 15, NULL, 1, NULL, NULL, NULL, NULL),
('10.16', '10', 16, NULL, 10, NULL, NULL, NULL, NULL),
('10.2', '10', 2, NULL, 10, NULL, NULL, NULL, NULL),
('10.3', '10', 3, NULL, 2, NULL, NULL, NULL, NULL),
('10.4', '10', 4, NULL, 1, NULL, NULL, NULL, NULL),
('10.5', '10', 5, NULL, 5, NULL, NULL, NULL, NULL),
('10.6', '10', 6, NULL, 2, NULL, NULL, NULL, NULL),
('10.7', '10', 7, NULL, 10, NULL, NULL, NULL, NULL),
('10.8', '10', 8, NULL, 9, NULL, NULL, NULL, NULL),
('10.9', '10', 9, NULL, 10, NULL, NULL, NULL, NULL),
('11.1', '11', 1, NULL, 10, NULL, NULL, NULL, NULL),
('11.10', '11', 10, NULL, 6, NULL, NULL, NULL, NULL),
('11.2', '11', 2, NULL, 10, NULL, NULL, NULL, NULL),
('11.3', '11', 3, NULL, 6, NULL, NULL, NULL, NULL),
('11.4', '11', 4, NULL, 2, NULL, NULL, NULL, NULL),
('11.5', '11', 5, NULL, 10, NULL, NULL, NULL, NULL),
('11.6', '11', 6, NULL, 3, NULL, NULL, NULL, NULL),
('11.7', '11', 7, NULL, 10, NULL, NULL, NULL, NULL),
('11.8', '11', 8, NULL, 6, NULL, NULL, NULL, NULL),
('11.9', '11', 9, NULL, 8, NULL, NULL, NULL, NULL),
('12.1', '12', 1, NULL, 10, NULL, NULL, NULL, NULL),
('12.10', '12', 10, NULL, 1, NULL, NULL, NULL, NULL),
('12.11', '12', 11, NULL, 8, NULL, NULL, NULL, NULL),
('12.12', '12', 12, NULL, 8, NULL, NULL, NULL, NULL),
('12.13', '12', 13, NULL, 3, NULL, NULL, NULL, NULL),
('12.14', '12', 14, NULL, 1, NULL, NULL, NULL, NULL),
('12.15', '12', 15, NULL, 7, NULL, NULL, NULL, NULL),
('12.16', '12', 16, NULL, 3, NULL, NULL, NULL, NULL),
('12.2', '12', 2, NULL, 5, NULL, NULL, NULL, NULL),
('12.3', '12', 3, NULL, 10, NULL, NULL, NULL, NULL),
('12.4', '12', 4, NULL, 1, NULL, NULL, NULL, NULL),
('12.5', '12', 5, NULL, 3, NULL, NULL, NULL, NULL),
('12.6', '12', 6, NULL, 10, NULL, NULL, NULL, NULL),
('12.7', '12', 7, NULL, 10, NULL, NULL, NULL, NULL),
('12.8', '12', 8, NULL, 8, NULL, NULL, NULL, NULL),
('12.9', '12', 9, NULL, 5, NULL, NULL, NULL, NULL),
('13.1', '13', 1, NULL, 10, NULL, NULL, NULL, NULL),
('13.10', '13', 10, NULL, 8, NULL, NULL, NULL, NULL),
('13.11', '13', 11, NULL, 8, NULL, NULL, NULL, NULL),
('13.12', '13', 12, NULL, 9, NULL, NULL, NULL, NULL),
('13.13', '13', 13, NULL, 9, NULL, NULL, NULL, NULL),
('13.14', '13', 14, NULL, 8, NULL, NULL, NULL, NULL),
('13.15', '13', 15, NULL, 7, NULL, NULL, NULL, NULL),
('13.16', '13', 16, NULL, 5, NULL, NULL, NULL, NULL),
('13.2', '13', 2, NULL, 6, NULL, NULL, NULL, NULL),
('13.3', '13', 3, NULL, 10, NULL, NULL, NULL, NULL),
('13.4', '13', 4, NULL, 4, NULL, NULL, NULL, NULL),
('13.5', '13', 5, NULL, 9, NULL, NULL, NULL, NULL),
('13.6', '13', 6, NULL, 3, NULL, NULL, NULL, NULL),
('13.7', '13', 7, NULL, 10, NULL, NULL, NULL, NULL),
('13.8', '13', 8, NULL, 8, NULL, NULL, NULL, NULL),
('13.9', '13', 9, NULL, 7, NULL, NULL, NULL, NULL),
('14.1', '14', 1, NULL, 5, NULL, NULL, NULL, NULL),
('14.10', '14', 10, NULL, 7, NULL, NULL, NULL, NULL),
('14.2', '14', 2, NULL, 10, NULL, NULL, NULL, NULL),
('14.3', '14', 3, NULL, 1, NULL, NULL, NULL, NULL),
('14.4', '14', 4, NULL, 1, NULL, NULL, NULL, NULL),
('14.5', '14', 5, NULL, 4, NULL, NULL, NULL, NULL),
('14.6', '14', 6, NULL, 5, NULL, NULL, NULL, NULL),
('14.7', '14', 7, NULL, 8, NULL, NULL, NULL, NULL),
('14.8', '14', 8, NULL, 4, NULL, NULL, NULL, NULL),
('14.9', '14', 9, NULL, 8, NULL, NULL, NULL, NULL),
('15.1', '15', 1, NULL, 10, NULL, NULL, NULL, NULL),
('15.10', '15', 10, NULL, 10, NULL, NULL, NULL, NULL),
('15.11', '15', 11, NULL, 9, NULL, NULL, NULL, NULL),
('15.12', '15', 12, NULL, 9, NULL, NULL, NULL, NULL),
('15.13', '15', 13, NULL, 1, NULL, NULL, NULL, NULL),
('15.14', '15', 14, NULL, 7, NULL, NULL, NULL, NULL),
('15.15', '15', 15, NULL, 2, NULL, NULL, NULL, NULL),
('15.16', '15', 16, NULL, 1, NULL, NULL, NULL, NULL),
('15.2', '15', 2, NULL, 8, NULL, NULL, NULL, NULL),
('15.3', '15', 3, NULL, 1, NULL, NULL, NULL, NULL),
('15.4', '15', 4, NULL, 3, NULL, NULL, NULL, NULL),
('15.5', '15', 5, NULL, 5, NULL, NULL, NULL, NULL),
('15.6', '15', 6, NULL, 6, NULL, NULL, NULL, NULL),
('15.7', '15', 7, NULL, 10, NULL, NULL, NULL, NULL),
('15.8', '15', 8, NULL, 4, NULL, NULL, NULL, NULL),
('15.9', '15', 9, NULL, 10, NULL, NULL, NULL, NULL),
('16.1', '16', 1, NULL, 2, NULL, NULL, NULL, NULL),
('16.10', '16', 10, NULL, 1, NULL, NULL, NULL, NULL),
('16.11', '16', 11, NULL, 10, NULL, NULL, NULL, NULL),
('16.12', '16', 12, NULL, 10, NULL, NULL, NULL, NULL),
('16.13', '16', 13, NULL, 1, NULL, NULL, NULL, NULL),
('16.14', '16', 14, NULL, 2, NULL, NULL, NULL, NULL),
('16.15', '16', 15, NULL, 3, NULL, NULL, NULL, NULL),
('16.16', '16', 16, NULL, 1, NULL, NULL, NULL, NULL),
('16.2', '16', 2, NULL, 4, NULL, NULL, NULL, NULL),
('16.3', '16', 3, NULL, 8, NULL, NULL, NULL, NULL),
('16.4', '16', 4, NULL, 3, NULL, NULL, NULL, NULL),
('16.5', '16', 5, NULL, 10, NULL, NULL, NULL, NULL),
('16.6', '16', 6, NULL, 3, NULL, NULL, NULL, NULL),
('16.7', '16', 7, NULL, 4, NULL, NULL, NULL, NULL),
('16.8', '16', 8, NULL, 1, NULL, NULL, NULL, NULL),
('16.9', '16', 9, NULL, 7, NULL, NULL, NULL, NULL),
('17.1', '17', 1, NULL, 8, NULL, NULL, NULL, NULL),
('17.10', '17', 10, NULL, 7, NULL, NULL, NULL, NULL),
('17.11', '17', 11, NULL, 8, NULL, NULL, NULL, NULL),
('17.12', '17', 12, NULL, 9, NULL, NULL, NULL, NULL),
('17.13', '17', 13, NULL, 4, NULL, NULL, NULL, NULL),
('17.14', '17', 14, NULL, 6, NULL, NULL, NULL, NULL),
('17.15', '17', 15, NULL, 3, NULL, NULL, NULL, NULL),
('17.16', '17', 16, NULL, 4, NULL, NULL, NULL, NULL),
('17.2', '17', 2, NULL, 10, NULL, NULL, NULL, NULL),
('17.3', '17', 3, NULL, 5, NULL, NULL, NULL, NULL),
('17.4', '17', 4, NULL, 6, NULL, NULL, NULL, NULL),
('17.5', '17', 5, NULL, 7, NULL, NULL, NULL, NULL),
('17.6', '17', 6, NULL, 6, NULL, NULL, NULL, NULL),
('17.7', '17', 7, NULL, 7, NULL, NULL, NULL, NULL),
('17.8', '17', 8, NULL, 5, NULL, NULL, NULL, NULL),
('17.9', '17', 9, NULL, 5, NULL, NULL, NULL, NULL),
('18.1', '18', 1, NULL, 10, NULL, NULL, NULL, NULL),
('18.10', '18', 10, NULL, 10, NULL, NULL, NULL, NULL),
('18.11', '18', 11, NULL, 10, NULL, NULL, NULL, NULL),
('18.12', '18', 12, NULL, 10, NULL, NULL, NULL, NULL),
('18.13', '18', 13, NULL, 5, NULL, NULL, NULL, NULL),
('18.14', '18', 14, NULL, 10, NULL, NULL, NULL, NULL),
('18.15', '18', 15, NULL, 10, NULL, NULL, NULL, NULL),
('18.16', '18', 16, NULL, 2, NULL, NULL, NULL, NULL),
('18.2', '18', 2, NULL, 10, NULL, NULL, NULL, NULL),
('18.3', '18', 3, NULL, 8, NULL, NULL, NULL, NULL),
('18.4', '18', 4, NULL, 1, NULL, NULL, NULL, NULL),
('18.5', '18', 5, NULL, 10, NULL, NULL, NULL, NULL),
('18.6', '18', 6, NULL, 2, NULL, NULL, NULL, NULL),
('18.7', '18', 7, NULL, 9, NULL, NULL, NULL, NULL),
('18.8', '18', 8, NULL, 6, NULL, NULL, NULL, NULL),
('18.9', '18', 9, NULL, 9, NULL, NULL, NULL, NULL),
('19.1', '19', 1, NULL, 10, NULL, NULL, NULL, NULL),
('19.10', '19', 10, NULL, 10, NULL, NULL, NULL, NULL),
('19.11', '19', 11, NULL, 8, NULL, NULL, NULL, NULL),
('19.12', '19', 12, NULL, 10, NULL, NULL, NULL, NULL),
('19.13', '19', 13, NULL, 1, NULL, NULL, NULL, NULL),
('19.14', '19', 14, NULL, 5, NULL, NULL, NULL, NULL),
('19.15', '19', 15, NULL, 1, NULL, NULL, NULL, NULL),
('19.16', '19', 16, NULL, 1, NULL, NULL, NULL, NULL),
('19.2', '19', 2, NULL, 10, NULL, NULL, NULL, NULL),
('19.3', '19', 3, NULL, 10, NULL, NULL, NULL, NULL),
('19.4', '19', 4, NULL, 10, NULL, NULL, NULL, NULL),
('19.5', '19', 5, NULL, 10, NULL, NULL, NULL, NULL),
('19.6', '19', 6, NULL, 10, NULL, NULL, NULL, NULL),
('19.7', '19', 7, NULL, 10, NULL, NULL, NULL, NULL),
('19.8', '19', 8, NULL, 10, NULL, NULL, NULL, NULL),
('19.9', '19', 9, NULL, 10, NULL, NULL, NULL, NULL),
('20.1', '20', 1, NULL, 9, NULL, NULL, NULL, NULL),
('20.10', '20', 10, NULL, 9, NULL, NULL, NULL, NULL),
('20.11', '20', 11, NULL, 9, NULL, NULL, NULL, NULL),
('20.12', '20', 12, NULL, 10, NULL, NULL, NULL, NULL),
('20.13', '20', 13, NULL, 6, NULL, NULL, NULL, NULL),
('20.14', '20', 14, NULL, 7, NULL, NULL, NULL, NULL),
('20.15', '20', 15, NULL, 5, NULL, NULL, NULL, NULL),
('20.16', '20', 16, NULL, 3, NULL, NULL, NULL, NULL),
('20.2', '20', 2, NULL, 9, NULL, NULL, NULL, NULL),
('20.3', '20', 3, NULL, 7, NULL, NULL, NULL, NULL),
('20.4', '20', 4, NULL, 7, NULL, NULL, NULL, NULL),
('20.5', '20', 5, NULL, 7, NULL, NULL, NULL, NULL),
('20.6', '20', 6, NULL, 4, NULL, NULL, NULL, NULL),
('20.7', '20', 7, NULL, 7, NULL, NULL, NULL, NULL),
('20.8', '20', 8, NULL, 8, NULL, NULL, NULL, NULL),
('20.9', '20', 9, NULL, 6, NULL, NULL, NULL, NULL),
('21.1', '21', 1, NULL, 8, NULL, NULL, NULL, NULL),
('21.10', '21', 10, NULL, 10, NULL, NULL, NULL, NULL),
('21.2', '21', 2, NULL, 10, NULL, NULL, NULL, NULL),
('21.3', '21', 3, NULL, 2, NULL, NULL, NULL, NULL),
('21.4', '21', 4, NULL, 3, NULL, NULL, NULL, NULL),
('21.5', '21', 5, NULL, 8, NULL, NULL, NULL, NULL),
('21.6', '21', 6, NULL, 1, NULL, NULL, NULL, NULL),
('21.7', '21', 7, NULL, 10, NULL, NULL, NULL, NULL),
('21.8', '21', 8, NULL, 9, NULL, NULL, NULL, NULL),
('21.9', '21', 9, NULL, 10, NULL, NULL, NULL, NULL),
('22.1', '22', 1, NULL, 10, NULL, NULL, NULL, NULL),
('22.10', '22', 10, NULL, 4, NULL, NULL, NULL, NULL),
('22.11', '22', 11, NULL, 8, NULL, NULL, NULL, NULL),
('22.12', '22', 12, NULL, 7, NULL, NULL, NULL, NULL),
('22.13', '22', 13, NULL, 2, NULL, NULL, NULL, NULL),
('22.14', '22', 14, NULL, 10, NULL, NULL, NULL, NULL),
('22.15', '22', 15, NULL, 5, NULL, NULL, NULL, NULL),
('22.16', '22', 16, NULL, 5, NULL, NULL, NULL, NULL),
('22.2', '22', 2, NULL, 8, NULL, NULL, NULL, NULL),
('22.3', '22', 3, NULL, 5, NULL, NULL, NULL, NULL),
('22.4', '22', 4, NULL, 9, NULL, NULL, NULL, NULL),
('22.5', '22', 5, NULL, 8, NULL, NULL, NULL, NULL),
('22.6', '22', 6, NULL, 2, NULL, NULL, NULL, NULL),
('22.7', '22', 7, NULL, 5, NULL, NULL, NULL, NULL),
('22.8', '22', 8, NULL, 8, NULL, NULL, NULL, NULL),
('22.9', '22', 9, NULL, 7, NULL, NULL, NULL, NULL),
('23.1', '23', 1, NULL, 10, NULL, NULL, NULL, NULL),
('23.10', '23', 10, NULL, 10, NULL, NULL, NULL, NULL),
('23.2', '23', 2, NULL, 10, NULL, NULL, NULL, NULL),
('23.3', '23', 3, NULL, 10, NULL, NULL, NULL, NULL),
('23.4', '23', 4, NULL, 10, NULL, NULL, NULL, NULL),
('23.5', '23', 5, NULL, 10, NULL, NULL, NULL, NULL),
('23.6', '23', 6, NULL, 10, NULL, NULL, NULL, NULL),
('23.7', '23', 7, NULL, 10, NULL, NULL, NULL, NULL),
('23.8', '23', 8, NULL, 10, NULL, NULL, NULL, NULL),
('23.9', '23', 9, NULL, 10, NULL, NULL, NULL, NULL),
('24.1', '24', 1, NULL, 10, NULL, NULL, NULL, NULL),
('24.10', '24', 10, NULL, 10, NULL, NULL, NULL, NULL),
('24.11', '24', 11, NULL, 10, NULL, NULL, NULL, NULL),
('24.12', '24', 12, NULL, 10, NULL, NULL, NULL, NULL),
('24.13', '24', 13, NULL, 10, NULL, NULL, NULL, NULL),
('24.14', '24', 14, NULL, 10, NULL, NULL, NULL, NULL),
('24.15', '24', 15, NULL, 10, NULL, NULL, NULL, NULL),
('24.16', '24', 16, NULL, 10, NULL, NULL, NULL, NULL),
('24.2', '24', 2, NULL, 10, NULL, NULL, NULL, NULL),
('24.3', '24', 3, NULL, 10, NULL, NULL, NULL, NULL),
('24.4', '24', 4, NULL, 10, NULL, NULL, NULL, NULL),
('24.5', '24', 5, NULL, 10, NULL, NULL, NULL, NULL),
('24.6', '24', 6, NULL, 10, NULL, NULL, NULL, NULL),
('24.7', '24', 7, NULL, 10, NULL, NULL, NULL, NULL),
('24.8', '24', 8, NULL, 10, NULL, NULL, NULL, NULL),
('24.9', '24', 9, NULL, 10, NULL, NULL, NULL, NULL),
('25.1', '25', 1, NULL, 2, NULL, NULL, NULL, NULL),
('25.10', '25', 10, NULL, 6, NULL, NULL, NULL, NULL),
('25.2', '25', 2, NULL, 7, NULL, NULL, NULL, NULL),
('25.3', '25', 3, NULL, 8, NULL, NULL, NULL, NULL),
('25.4', '25', 4, NULL, 4, NULL, NULL, NULL, NULL),
('25.5', '25', 5, NULL, 5, NULL, NULL, NULL, NULL),
('25.6', '25', 6, NULL, 5, NULL, NULL, NULL, NULL),
('25.7', '25', 7, NULL, 8, NULL, NULL, NULL, NULL),
('25.8', '25', 8, NULL, 7, NULL, NULL, NULL, NULL),
('25.9', '25', 9, NULL, 10, NULL, NULL, NULL, NULL),
('26.1', '26', 1, NULL, 10, NULL, NULL, NULL, NULL),
('26.2', '26', 2, NULL, 10, NULL, NULL, NULL, NULL),
('26.3', '26', 3, NULL, 1, NULL, NULL, NULL, NULL),
('26.4', '26', 4, NULL, 1, NULL, NULL, NULL, NULL),
('26.5', '26', 5, NULL, 10, NULL, NULL, NULL, NULL),
('26.6', '26', 6, NULL, 10, NULL, NULL, NULL, NULL),
('27.1', '27', 1, NULL, 10, NULL, NULL, NULL, NULL),
('27.10', '27', 10, NULL, 10, NULL, NULL, NULL, NULL),
('27.11', '27', 11, NULL, 10, NULL, NULL, NULL, NULL),
('27.12', '27', 12, NULL, 10, NULL, NULL, NULL, NULL),
('27.13', '27', 13, NULL, 1, NULL, NULL, NULL, NULL),
('27.14', '27', 14, NULL, 1, NULL, NULL, NULL, NULL),
('27.15', '27', 15, NULL, 5, NULL, NULL, NULL, NULL),
('27.16', '27', 16, NULL, 1, NULL, NULL, NULL, NULL),
('27.2', '27', 2, NULL, 10, NULL, NULL, NULL, NULL),
('27.3', '27', 3, NULL, 1, NULL, NULL, NULL, NULL),
('27.4', '27', 4, NULL, 1, NULL, NULL, NULL, NULL),
('27.5', '27', 5, NULL, 10, NULL, NULL, NULL, NULL),
('27.6', '27', 6, NULL, 10, NULL, NULL, NULL, NULL),
('27.7', '27', 7, NULL, 3, NULL, NULL, NULL, NULL),
('27.8', '27', 8, NULL, 3, NULL, NULL, NULL, NULL),
('27.9', '27', 9, NULL, 10, NULL, NULL, NULL, NULL),
('28.1', '28', 1, NULL, 5, NULL, NULL, NULL, NULL),
('28.10', '28', 10, NULL, 7, NULL, NULL, NULL, NULL),
('28.11', '28', 11, NULL, 3, NULL, NULL, NULL, NULL),
('28.12', '28', 12, NULL, 5, NULL, NULL, NULL, NULL),
('28.13', '28', 13, NULL, 3, NULL, NULL, NULL, NULL),
('28.14', '28', 14, NULL, 1, NULL, NULL, NULL, NULL),
('28.15', '28', 15, NULL, 1, NULL, NULL, NULL, NULL),
('28.16', '28', 16, NULL, 1, NULL, NULL, NULL, NULL),
('28.2', '28', 2, NULL, 10, NULL, NULL, NULL, NULL),
('28.3', '28', 3, NULL, 3, NULL, NULL, NULL, NULL),
('28.4', '28', 4, NULL, 1, NULL, NULL, NULL, NULL),
('28.5', '28', 5, NULL, 1, NULL, NULL, NULL, NULL),
('28.6', '28', 6, NULL, 1, NULL, NULL, NULL, NULL),
('28.7', '28', 7, NULL, 10, NULL, NULL, NULL, NULL),
('28.8', '28', 8, NULL, 1, NULL, NULL, NULL, NULL),
('28.9', '28', 9, NULL, 1, NULL, NULL, NULL, NULL),
('29.1', '29', 1, NULL, 1, NULL, NULL, NULL, NULL),
('29.10', '29', 10, NULL, 5, NULL, NULL, NULL, NULL),
('29.11', '29', 11, NULL, 5, NULL, NULL, NULL, NULL),
('29.12', '29', 12, NULL, 3, NULL, NULL, NULL, NULL),
('29.13', '29', 13, NULL, 1, NULL, NULL, NULL, NULL),
('29.14', '29', 14, NULL, 1, NULL, NULL, NULL, NULL),
('29.15', '29', 15, NULL, 1, NULL, NULL, NULL, NULL),
('29.16', '29', 16, NULL, 1, NULL, NULL, NULL, NULL),
('29.2', '29', 2, NULL, 10, NULL, NULL, NULL, NULL),
('29.3', '29', 3, NULL, 1, NULL, NULL, NULL, NULL),
('29.4', '29', 4, NULL, 1, NULL, NULL, NULL, NULL),
('29.5', '29', 5, NULL, 5, NULL, NULL, NULL, NULL),
('29.6', '29', 6, NULL, 1, NULL, NULL, NULL, NULL),
('29.7', '29', 7, NULL, 1, NULL, NULL, NULL, NULL),
('29.8', '29', 8, NULL, 1, NULL, NULL, NULL, NULL),
('29.9', '29', 9, NULL, 5, NULL, NULL, NULL, NULL),
('30.1', '30', 1, NULL, 3, NULL, NULL, NULL, NULL),
('30.10', '30', 10, NULL, 1, NULL, NULL, NULL, NULL),
('30.2', '30', 2, NULL, 7, NULL, NULL, NULL, NULL),
('30.3', '30', 3, NULL, 1, NULL, NULL, NULL, NULL),
('30.4', '30', 4, NULL, 1, NULL, NULL, NULL, NULL),
('30.5', '30', 5, NULL, 5, NULL, NULL, NULL, NULL),
('30.6', '30', 6, NULL, 1, NULL, NULL, NULL, NULL),
('30.7', '30', 7, NULL, 1, NULL, NULL, NULL, NULL),
('30.8', '30', 8, NULL, 1, NULL, NULL, NULL, NULL),
('30.9', '30', 9, NULL, 1, NULL, NULL, NULL, NULL),
('31.1', '31', 1, NULL, 9, NULL, NULL, NULL, NULL),
('31.10', '31', 10, NULL, 8, NULL, NULL, NULL, NULL),
('31.11', '31', 11, NULL, 8, NULL, NULL, NULL, NULL),
('31.12', '31', 12, NULL, 10, NULL, NULL, NULL, NULL),
('31.13', '31', 13, NULL, 6, NULL, NULL, NULL, NULL),
('31.14', '31', 14, NULL, 7, NULL, NULL, NULL, NULL),
('31.15', '31', 15, NULL, 7, NULL, NULL, NULL, NULL),
('31.16', '31', 16, NULL, 10, NULL, NULL, NULL, NULL),
('31.2', '31', 2, NULL, 9, NULL, NULL, NULL, NULL),
('31.3', '31', 3, NULL, 5, NULL, NULL, NULL, NULL),
('31.4', '31', 4, NULL, 3, NULL, NULL, NULL, NULL),
('31.5', '31', 5, NULL, 7, NULL, NULL, NULL, NULL),
('31.6', '31', 6, NULL, 5, NULL, NULL, NULL, NULL),
('31.7', '31', 7, NULL, 10, NULL, NULL, NULL, NULL),
('31.8', '31', 8, NULL, 7, NULL, NULL, NULL, NULL),
('31.9', '31', 9, NULL, 7, NULL, NULL, NULL, NULL),
('32.1', '32', 1, NULL, 7, NULL, NULL, NULL, NULL),
('32.10', '32', 10, NULL, 9, NULL, NULL, NULL, NULL),
('32.11', '32', 11, NULL, 5, NULL, NULL, NULL, NULL),
('32.12', '32', 12, NULL, 8, NULL, NULL, NULL, NULL),
('32.13', '32', 13, NULL, 7, NULL, NULL, NULL, NULL),
('32.14', '32', 14, NULL, 5, NULL, NULL, NULL, NULL),
('32.15', '32', 15, NULL, 4, NULL, NULL, NULL, NULL),
('32.16', '32', 16, NULL, 4, NULL, NULL, NULL, NULL),
('32.2', '32', 2, NULL, 6, NULL, NULL, NULL, NULL),
('32.3', '32', 3, NULL, 6, NULL, NULL, NULL, NULL),
('32.4', '32', 4, NULL, 5, NULL, NULL, NULL, NULL),
('32.5', '32', 5, NULL, 5, NULL, NULL, NULL, NULL),
('32.6', '32', 6, NULL, 5, NULL, NULL, NULL, NULL),
('32.7', '32', 7, NULL, 10, NULL, NULL, NULL, NULL),
('32.8', '32', 8, NULL, 5, NULL, NULL, NULL, NULL),
('32.9', '32', 9, NULL, 5, NULL, NULL, NULL, NULL),
('33.1', '33', 1, NULL, 7, NULL, NULL, NULL, NULL),
('33.10', '33', 10, NULL, 10, NULL, NULL, NULL, NULL),
('33.11', '33', 11, NULL, 8, NULL, NULL, NULL, NULL),
('33.12', '33', 12, NULL, 5, NULL, NULL, NULL, NULL),
('33.13', '33', 13, NULL, 1, NULL, NULL, NULL, NULL),
('33.14', '33', 14, NULL, 7, NULL, NULL, NULL, NULL),
('33.15', '33', 15, NULL, 1, NULL, NULL, NULL, NULL),
('33.16', '33', 16, NULL, 9, NULL, NULL, NULL, NULL),
('33.2', '33', 2, NULL, 5, NULL, NULL, NULL, NULL),
('33.3', '33', 3, NULL, 1, NULL, NULL, NULL, NULL),
('33.4', '33', 4, NULL, 1, NULL, NULL, NULL, NULL),
('33.5', '33', 5, NULL, 7, NULL, NULL, NULL, NULL),
('33.6', '33', 6, NULL, 3, NULL, NULL, NULL, NULL),
('33.7', '33', 7, NULL, 10, NULL, NULL, NULL, NULL),
('33.8', '33', 8, NULL, 5, NULL, NULL, NULL, NULL),
('33.9', '33', 9, NULL, 7, NULL, NULL, NULL, NULL),
('34.1', '34', 1, NULL, 10, NULL, NULL, NULL, NULL),
('34.10', '34', 10, NULL, 10, NULL, NULL, NULL, NULL),
('34.2', '34', 2, NULL, 10, NULL, NULL, NULL, NULL),
('34.3', '34', 3, NULL, 10, NULL, NULL, NULL, NULL),
('34.4', '34', 4, NULL, 2, NULL, NULL, NULL, NULL),
('34.5', '34', 5, NULL, 9, NULL, NULL, NULL, NULL),
('34.6', '34', 6, NULL, 5, NULL, NULL, NULL, NULL),
('34.7', '34', 7, NULL, 10, NULL, NULL, NULL, NULL),
('34.8', '34', 8, NULL, 3, NULL, NULL, NULL, NULL),
('34.9', '34', 9, NULL, 8, NULL, NULL, NULL, NULL),
('35.1', '35', 1, NULL, 8, NULL, NULL, NULL, NULL),
('35.10', '35', 10, NULL, 10, NULL, NULL, NULL, NULL),
('35.2', '35', 2, NULL, 8, NULL, NULL, NULL, NULL),
('35.3', '35', 3, NULL, 1, NULL, NULL, NULL, NULL),
('35.4', '35', 4, NULL, 1, NULL, NULL, NULL, NULL),
('35.5', '35', 5, NULL, 5, NULL, NULL, NULL, NULL),
('35.6', '35', 6, NULL, 5, NULL, NULL, NULL, NULL),
('35.7', '35', 7, NULL, 10, NULL, NULL, NULL, NULL),
('35.8', '35', 8, NULL, 1, NULL, NULL, NULL, NULL),
('35.9', '35', 9, NULL, 10, NULL, NULL, NULL, NULL),
('36.1', '36', 1, NULL, 5, NULL, NULL, NULL, NULL),
('36.10', '36', 10, NULL, 8, NULL, NULL, NULL, NULL),
('36.11', '36', 11, NULL, 9, NULL, NULL, NULL, NULL),
('36.12', '36', 12, NULL, 10, NULL, NULL, NULL, NULL),
('36.13', '36', 13, NULL, 3, NULL, NULL, NULL, NULL),
('36.14', '36', 14, NULL, 3, NULL, NULL, NULL, NULL),
('36.15', '36', 15, NULL, 6, NULL, NULL, NULL, NULL),
('36.16', '36', 16, NULL, 6, NULL, NULL, NULL, NULL),
('36.2', '36', 2, NULL, 9, NULL, NULL, NULL, NULL),
('36.3', '36', 3, NULL, 2, NULL, NULL, NULL, NULL),
('36.4', '36', 4, NULL, 1, NULL, NULL, NULL, NULL),
('36.5', '36', 5, NULL, 5, NULL, NULL, NULL, NULL),
('36.6', '36', 6, NULL, 3, NULL, NULL, NULL, NULL),
('36.7', '36', 7, NULL, 9, NULL, NULL, NULL, NULL),
('36.8', '36', 8, NULL, 4, NULL, NULL, NULL, NULL),
('36.9', '36', 9, NULL, 8, NULL, NULL, NULL, NULL),
('37.1', '37', 1, NULL, 8, NULL, NULL, NULL, NULL),
('37.10', '37', 10, NULL, 7, NULL, NULL, NULL, NULL),
('37.11', '37', 11, NULL, 5, NULL, NULL, NULL, NULL),
('37.12', '37', 12, NULL, 9, NULL, NULL, NULL, NULL),
('37.13', '37', 13, NULL, 5, NULL, NULL, NULL, NULL),
('37.14', '37', 14, NULL, 9, NULL, NULL, NULL, NULL),
('37.15', '37', 15, NULL, 6, NULL, NULL, NULL, NULL),
('37.16', '37', 16, NULL, 9, NULL, NULL, NULL, NULL),
('37.2', '37', 2, NULL, 6, NULL, NULL, NULL, NULL),
('37.3', '37', 3, NULL, 8, NULL, NULL, NULL, NULL),
('37.4', '37', 4, NULL, 8, NULL, NULL, NULL, NULL),
('37.5', '37', 5, NULL, 9, NULL, NULL, NULL, NULL),
('37.6', '37', 6, NULL, 9, NULL, NULL, NULL, NULL),
('37.7', '37', 7, NULL, 7, NULL, NULL, NULL, NULL),
('37.8', '37', 8, NULL, 5, NULL, NULL, NULL, NULL),
('37.9', '37', 9, NULL, 7, NULL, NULL, NULL, NULL),
('38.1', '38', 1, NULL, 10, NULL, NULL, NULL, NULL),
('38.10', '38', 10, NULL, 10, NULL, NULL, NULL, NULL),
('38.2', '38', 2, NULL, 10, NULL, NULL, NULL, NULL),
('38.3', '38', 3, NULL, 7, NULL, NULL, NULL, NULL),
('38.4', '38', 4, NULL, 1, NULL, NULL, NULL, NULL),
('38.5', '38', 5, NULL, 10, NULL, NULL, NULL, NULL),
('38.6', '38', 6, NULL, 10, NULL, NULL, NULL, NULL),
('38.7', '38', 7, NULL, 10, NULL, NULL, NULL, NULL),
('38.8', '38', 8, NULL, 10, NULL, NULL, NULL, NULL),
('38.9', '38', 9, NULL, 7, NULL, NULL, NULL, NULL),
('39.1', '39', 1, NULL, 5, NULL, NULL, NULL, NULL),
('39.10', '39', 10, NULL, 10, NULL, NULL, NULL, NULL),
('39.2', '39', 2, NULL, 8, NULL, NULL, NULL, NULL),
('39.3', '39', 3, NULL, 7, NULL, NULL, NULL, NULL),
('39.4', '39', 4, NULL, 9, NULL, NULL, NULL, NULL),
('39.5', '39', 5, NULL, 8, NULL, NULL, NULL, NULL),
('39.6', '39', 6, NULL, 3, NULL, NULL, NULL, NULL),
('39.7', '39', 7, NULL, 10, NULL, NULL, NULL, NULL),
('39.8', '39', 8, NULL, 6, NULL, NULL, NULL, NULL),
('39.9', '39', 9, NULL, 5, NULL, NULL, NULL, NULL),
('4.1', '4', 1, NULL, 9, NULL, NULL, NULL, NULL),
('4.10', '4', 10, NULL, 7, NULL, NULL, NULL, NULL),
('4.11', '4', 11, NULL, 8, NULL, NULL, NULL, NULL),
('4.12', '4', 12, NULL, 9, NULL, NULL, NULL, NULL),
('4.13', '4', 13, NULL, 10, NULL, NULL, NULL, NULL),
('4.14', '4', 14, NULL, 10, NULL, NULL, NULL, NULL),
('4.15', '4', 15, NULL, 3, NULL, NULL, NULL, NULL),
('4.16', '4', 16, NULL, 3, NULL, NULL, NULL, NULL),
('4.2', '4', 2, NULL, 10, NULL, NULL, NULL, NULL),
('4.3', '4', 3, NULL, 4, NULL, NULL, NULL, NULL),
('4.4', '4', 4, NULL, 9, NULL, NULL, NULL, NULL),
('4.5', '4', 5, NULL, 5, NULL, NULL, NULL, NULL),
('4.6', '4', 6, NULL, 2, NULL, NULL, NULL, NULL),
('4.7', '4', 7, NULL, 8, NULL, NULL, NULL, NULL),
('4.8', '4', 8, NULL, 9, NULL, NULL, NULL, NULL),
('4.9', '4', 9, NULL, 10, NULL, NULL, NULL, NULL),
('40.1', '40', 1, NULL, 6, NULL, NULL, NULL, NULL),
('40.10', '40', 10, NULL, 6, NULL, NULL, NULL, NULL),
('40.11', '40', 11, NULL, 6, NULL, NULL, NULL, NULL),
('40.12', '40', 12, NULL, 7, NULL, NULL, NULL, NULL),
('40.13', '40', 13, NULL, 5, NULL, NULL, NULL, NULL),
('40.14', '40', 14, NULL, 7, NULL, NULL, NULL, NULL),
('40.15', '40', 15, NULL, 6, NULL, NULL, NULL, NULL),
('40.16', '40', 16, NULL, 6, NULL, NULL, NULL, NULL),
('40.2', '40', 2, NULL, 5, NULL, NULL, NULL, NULL),
('40.3', '40', 3, NULL, 7, NULL, NULL, NULL, NULL),
('40.4', '40', 4, NULL, 5, NULL, NULL, NULL, NULL),
('40.5', '40', 5, NULL, 7, NULL, NULL, NULL, NULL),
('40.6', '40', 6, NULL, 6, NULL, NULL, NULL, NULL),
('40.7', '40', 7, NULL, 9, NULL, NULL, NULL, NULL),
('40.8', '40', 8, NULL, 6, NULL, NULL, NULL, NULL),
('40.9', '40', 9, NULL, 7, NULL, NULL, NULL, NULL),
('41.1', '41', 1, NULL, 8, NULL, NULL, NULL, NULL),
('41.10', '41', 10, NULL, 10, NULL, NULL, NULL, NULL),
('41.2', '41', 2, NULL, 10, NULL, NULL, NULL, NULL),
('41.3', '41', 3, NULL, 5, NULL, NULL, NULL, NULL),
('41.4', '41', 4, NULL, 3, NULL, NULL, NULL, NULL),
('41.5', '41', 5, NULL, 10, NULL, NULL, NULL, NULL),
('41.6', '41', 6, NULL, 10, NULL, NULL, NULL, NULL),
('41.7', '41', 7, NULL, 10, NULL, NULL, NULL, NULL),
('41.8', '41', 8, NULL, 9, NULL, NULL, NULL, NULL),
('41.9', '41', 9, NULL, 10, NULL, NULL, NULL, NULL),
('42.1', '42', 1, NULL, 8, NULL, NULL, NULL, NULL),
('42.10', '42', 10, NULL, 7, NULL, NULL, NULL, NULL),
('42.11', '42', 11, NULL, 8, NULL, NULL, NULL, NULL),
('42.12', '42', 12, NULL, 9, NULL, NULL, NULL, NULL),
('42.13', '42', 13, NULL, 8, NULL, NULL, NULL, NULL),
('42.14', '42', 14, NULL, 7, NULL, NULL, NULL, NULL),
('42.15', '42', 15, NULL, 6, NULL, NULL, NULL, NULL),
('42.16', '42', 16, NULL, 5, NULL, NULL, NULL, NULL),
('42.2', '42', 2, NULL, 9, NULL, NULL, NULL, NULL),
('42.3', '42', 3, NULL, 7, NULL, NULL, NULL, NULL),
('42.4', '42', 4, NULL, 5, NULL, NULL, NULL, NULL),
('42.5', '42', 5, NULL, 5, NULL, NULL, NULL, NULL),
('42.6', '42', 6, NULL, 6, NULL, NULL, NULL, NULL),
('42.7', '42', 7, NULL, 9, NULL, NULL, NULL, NULL),
('42.8', '42', 8, NULL, 7, NULL, NULL, NULL, NULL),
('42.9', '42', 9, NULL, 4, NULL, NULL, NULL, NULL),
('43.1', '43', 1, NULL, 9, NULL, NULL, NULL, NULL),
('43.10', '43', 10, NULL, 9, NULL, NULL, NULL, NULL),
('43.2', '43', 2, NULL, 8, NULL, NULL, NULL, NULL),
('43.3', '43', 3, NULL, 6, NULL, NULL, NULL, NULL),
('43.4', '43', 4, NULL, 7, NULL, NULL, NULL, NULL),
('43.5', '43', 5, NULL, 8, NULL, NULL, NULL, NULL),
('43.6', '43', 6, NULL, 7, NULL, NULL, NULL, NULL),
('43.7', '43', 7, NULL, 10, NULL, NULL, NULL, NULL),
('43.8', '43', 8, NULL, 9, NULL, NULL, NULL, NULL),
('43.9', '43', 9, NULL, 9, NULL, NULL, NULL, NULL),
('44.1', '44', 1, NULL, 7, NULL, NULL, NULL, NULL),
('44.10', '44', 10, NULL, 10, NULL, NULL, NULL, NULL),
('44.11', '44', 11, NULL, 10, NULL, NULL, NULL, NULL),
('44.12', '44', 12, NULL, 10, NULL, NULL, NULL, NULL),
('44.13', '44', 13, NULL, 10, NULL, NULL, NULL, NULL),
('44.14', '44', 14, NULL, 10, NULL, NULL, NULL, NULL),
('44.15', '44', 15, NULL, 6, NULL, NULL, NULL, NULL),
('44.16', '44', 16, NULL, 4, NULL, NULL, NULL, NULL),
('44.2', '44', 2, NULL, 8, NULL, NULL, NULL, NULL),
('44.3', '44', 3, NULL, 8, NULL, NULL, NULL, NULL),
('44.4', '44', 4, NULL, 4, NULL, NULL, NULL, NULL),
('44.5', '44', 5, NULL, 10, NULL, NULL, NULL, NULL),
('44.6', '44', 6, NULL, 5, NULL, NULL, NULL, NULL),
('44.7', '44', 7, NULL, 10, NULL, NULL, NULL, NULL),
('44.8', '44', 8, NULL, 9, NULL, NULL, NULL, NULL),
('44.9', '44', 9, NULL, 10, NULL, NULL, NULL, NULL),
('45.11', '45', 11, NULL, 7, NULL, NULL, NULL, NULL),
('45.15', '45', 15, NULL, 8, NULL, NULL, NULL, NULL),
('45.16', '45', 16, NULL, 9, NULL, NULL, NULL, NULL),
('45.2', '45', 2, NULL, 7, NULL, NULL, NULL, NULL),
('45.3', '45', 3, NULL, 6, NULL, NULL, NULL, NULL),
('45.4', '45', 4, NULL, 1, NULL, NULL, NULL, NULL),
('45.5', '45', 5, NULL, 3, NULL, NULL, NULL, NULL),
('46.1', '46', 1, NULL, 1, NULL, NULL, NULL, NULL),
('46.10', '46', 10, NULL, 1, NULL, NULL, NULL, NULL),
('46.11', '46', 11, NULL, 10, NULL, NULL, NULL, NULL),
('46.12', '46', 12, NULL, 9, NULL, NULL, NULL, NULL),
('46.13', '46', 13, NULL, 4, NULL, NULL, NULL, NULL),
('46.14', '46', 14, NULL, 3, NULL, NULL, NULL, NULL),
('46.15', '46', 15, NULL, 1, NULL, NULL, NULL, NULL),
('46.16', '46', 16, NULL, 1, NULL, NULL, NULL, NULL),
('46.2', '46', 2, NULL, 10, NULL, NULL, NULL, NULL),
('46.3', '46', 3, NULL, 1, NULL, NULL, NULL, NULL),
('46.4', '46', 4, NULL, 1, NULL, NULL, NULL, NULL),
('46.5', '46', 5, NULL, 10, NULL, NULL, NULL, NULL),
('46.6', '46', 6, NULL, 3, NULL, NULL, NULL, NULL),
('46.7', '46', 7, NULL, 8, NULL, NULL, NULL, NULL),
('46.8', '46', 8, NULL, 2, NULL, NULL, NULL, NULL),
('46.9', '46', 9, NULL, 5, NULL, NULL, NULL, NULL),
('47.1', '47', 1, NULL, 10, NULL, NULL, NULL, NULL),
('47.10', '47', 10, NULL, 8, NULL, NULL, NULL, NULL),
('47.11', '47', 11, NULL, 8, NULL, NULL, NULL, NULL),
('47.12', '47', 12, NULL, 8, NULL, NULL, NULL, NULL),
('47.13', '47', 13, NULL, 8, NULL, NULL, NULL, NULL),
('47.14', '47', 14, NULL, 10, NULL, NULL, NULL, NULL),
('47.15', '47', 15, NULL, 6, NULL, NULL, NULL, NULL),
('47.16', '47', 16, NULL, 8, NULL, NULL, NULL, NULL),
('47.2', '47', 2, NULL, 10, NULL, NULL, NULL, NULL),
('47.3', '47', 3, NULL, 1, NULL, NULL, NULL, NULL),
('47.4', '47', 4, NULL, 1, NULL, NULL, NULL, NULL),
('47.5', '47', 5, NULL, 10, NULL, NULL, NULL, NULL),
('47.6', '47', 6, NULL, 7, NULL, NULL, NULL, NULL),
('47.7', '47', 7, NULL, 10, NULL, NULL, NULL, NULL),
('47.8', '47', 8, NULL, 7, NULL, NULL, NULL, NULL),
('47.9', '47', 9, NULL, 4, NULL, NULL, NULL, NULL),
('48.1', '48', 1, NULL, 8, NULL, NULL, NULL, NULL),
('48.10', '48', 10, NULL, 5, NULL, NULL, NULL, NULL),
('48.11', '48', 11, NULL, 8, NULL, NULL, NULL, NULL),
('48.12', '48', 12, NULL, 4, NULL, NULL, NULL, NULL),
('48.13', '48', 13, NULL, 3, NULL, NULL, NULL, NULL),
('48.14', '48', 14, NULL, 8, NULL, NULL, NULL, NULL),
('48.15', '48', 15, NULL, 1, NULL, NULL, NULL, NULL),
('48.16', '48', 16, NULL, 2, NULL, NULL, NULL, NULL),
('48.2', '48', 2, NULL, 8, NULL, NULL, NULL, NULL),
('48.3', '48', 3, NULL, 2, NULL, NULL, NULL, NULL),
('48.4', '48', 4, NULL, 1, NULL, NULL, NULL, NULL),
('48.5', '48', 5, NULL, 5, NULL, NULL, NULL, NULL),
('48.6', '48', 6, NULL, 3, NULL, NULL, NULL, NULL),
('48.7', '48', 7, NULL, 3, NULL, NULL, NULL, NULL),
('48.8', '48', 8, NULL, 3, NULL, NULL, NULL, NULL),
('48.9', '48', 9, NULL, 3, NULL, NULL, NULL, NULL),
('49.1', '49', 1, NULL, 2, NULL, NULL, NULL, NULL),
('49.10', '49', 10, NULL, 10, NULL, NULL, NULL, NULL),
('49.2', '49', 2, NULL, 7, NULL, NULL, NULL, NULL),
('49.3', '49', 3, NULL, 1, NULL, NULL, NULL, NULL),
('49.4', '49', 4, NULL, 1, NULL, NULL, NULL, NULL),
('49.5', '49', 5, NULL, 3, NULL, NULL, NULL, NULL),
('49.6', '49', 6, NULL, 1, NULL, NULL, NULL, NULL),
('49.7', '49', 7, NULL, 10, NULL, NULL, NULL, NULL),
('49.8', '49', 8, NULL, 1, NULL, NULL, NULL, NULL),
('49.9', '49', 9, NULL, 2, NULL, NULL, NULL, NULL),
('5.1', '5', 1, NULL, 7, NULL, NULL, NULL, NULL),
('5.10', '5', 10, NULL, 8, NULL, NULL, NULL, NULL),
('5.11', '5', 11, NULL, 9, NULL, NULL, NULL, NULL),
('5.12', '5', 12, NULL, 8, NULL, NULL, NULL, NULL),
('5.13', '5', 13, NULL, 4, NULL, NULL, NULL, NULL),
('5.14', '5', 14, NULL, 6, NULL, NULL, NULL, NULL),
('5.15', '5', 15, NULL, 6, NULL, NULL, NULL, NULL),
('5.16', '5', 16, NULL, 2, NULL, NULL, NULL, NULL),
('5.2', '5', 2, NULL, 5, NULL, NULL, NULL, NULL),
('5.3', '5', 3, NULL, 5, NULL, NULL, NULL, NULL),
('5.4', '5', 4, NULL, 3, NULL, NULL, NULL, NULL),
('5.5', '5', 5, NULL, 8, NULL, NULL, NULL, NULL),
('5.6', '5', 6, NULL, 1, NULL, NULL, NULL, NULL),
('5.7', '5', 7, NULL, 5, NULL, NULL, NULL, NULL),
('5.8', '5', 8, NULL, 5, NULL, NULL, NULL, NULL),
('5.9', '5', 9, NULL, 3, NULL, NULL, NULL, NULL),
('50.1', '50', 1, NULL, 10, NULL, NULL, NULL, NULL),
('50.10', '50', 10, NULL, 1, NULL, NULL, NULL, NULL),
('50.11', '50', 11, NULL, 10, NULL, NULL, NULL, NULL),
('50.12', '50', 12, NULL, 10, NULL, NULL, NULL, NULL),
('50.13', '50', 13, NULL, 1, NULL, NULL, NULL, NULL),
('50.14', '50', 14, NULL, 4, NULL, NULL, NULL, NULL),
('50.15', '50', 15, NULL, 1, NULL, NULL, NULL, NULL),
('50.16', '50', 16, NULL, 1, NULL, NULL, NULL, NULL),
('50.2', '50', 2, NULL, 3, NULL, NULL, NULL, NULL),
('50.3', '50', 3, NULL, 1, NULL, NULL, NULL, NULL),
('50.4', '50', 4, NULL, 1, NULL, NULL, NULL, NULL),
('50.5', '50', 5, NULL, 10, NULL, NULL, NULL, NULL),
('50.6', '50', 6, NULL, 1, NULL, NULL, NULL, NULL),
('50.7', '50', 7, NULL, 10, NULL, NULL, NULL, NULL),
('50.8', '50', 8, NULL, 10, NULL, NULL, NULL, NULL),
('50.9', '50', 9, NULL, 10, NULL, NULL, NULL, NULL),
('51.1', '51', 1, NULL, 10, NULL, NULL, NULL, NULL),
('51.10', '51', 10, NULL, 10, NULL, NULL, NULL, NULL),
('51.11', '51', 11, NULL, 10, NULL, NULL, NULL, NULL),
('51.12', '51', 12, NULL, 7, NULL, NULL, NULL, NULL),
('51.13', '51', 13, NULL, 10, NULL, NULL, NULL, NULL),
('51.14', '51', 14, NULL, 6, NULL, NULL, NULL, NULL),
('51.15', '51', 15, NULL, 4, NULL, NULL, NULL, NULL),
('51.16', '51', 16, NULL, 10, NULL, NULL, NULL, NULL),
('51.2', '51', 2, NULL, 7, NULL, NULL, NULL, NULL),
('51.3', '51', 3, NULL, 3, NULL, NULL, NULL, NULL),
('51.4', '51', 4, NULL, 1, NULL, NULL, NULL, NULL),
('51.5', '51', 5, NULL, 10, NULL, NULL, NULL, NULL),
('51.6', '51', 6, NULL, 7, NULL, NULL, NULL, NULL),
('51.7', '51', 7, NULL, 10, NULL, NULL, NULL, NULL),
('51.8', '51', 8, NULL, 10, NULL, NULL, NULL, NULL),
('51.9', '51', 9, NULL, 10, NULL, NULL, NULL, NULL),
('52.1', '52', 1, NULL, 10, NULL, NULL, NULL, NULL),
('52.10', '52', 10, NULL, 10, NULL, NULL, NULL, NULL),
('52.11', '52', 11, NULL, 10, NULL, NULL, NULL, NULL),
('52.12', '52', 12, NULL, 10, NULL, NULL, NULL, NULL),
('52.13', '52', 13, NULL, 4, NULL, NULL, NULL, NULL),
('52.14', '52', 14, NULL, 5, NULL, NULL, NULL, NULL),
('52.15', '52', 15, NULL, 2, NULL, NULL, NULL, NULL),
('52.16', '52', 16, NULL, 10, NULL, NULL, NULL, NULL),
('52.2', '52', 2, NULL, 10, NULL, NULL, NULL, NULL),
('52.3', '52', 3, NULL, 10, NULL, NULL, NULL, NULL),
('52.4', '52', 4, NULL, 8, NULL, NULL, NULL, NULL),
('52.5', '52', 5, NULL, 10, NULL, NULL, NULL, NULL),
('52.6', '52', 6, NULL, 10, NULL, NULL, NULL, NULL),
('52.7', '52', 7, NULL, 10, NULL, NULL, NULL, NULL),
('52.8', '52', 8, NULL, 4, NULL, NULL, NULL, NULL),
('52.9', '52', 9, NULL, 10, NULL, NULL, NULL, NULL),
('53.1', '53', 1, NULL, 10, NULL, NULL, NULL, NULL),
('53.10', '53', 10, NULL, 8, NULL, NULL, NULL, NULL),
('53.2', '53', 2, NULL, 10, NULL, NULL, NULL, NULL),
('53.3', '53', 3, NULL, 4, NULL, NULL, NULL, NULL),
('53.4', '53', 4, NULL, 10, NULL, NULL, NULL, NULL),
('53.5', '53', 5, NULL, 10, NULL, NULL, NULL, NULL),
('53.6', '53', 6, NULL, 10, NULL, NULL, NULL, NULL),
('53.7', '53', 7, NULL, 9, NULL, NULL, NULL, NULL),
('53.8', '53', 8, NULL, 3, NULL, NULL, NULL, NULL),
('53.9', '53', 9, NULL, 4, NULL, NULL, NULL, NULL),
('54.1', '54', 1, NULL, 9, NULL, NULL, NULL, NULL),
('54.10', '54', 10, NULL, 10, NULL, NULL, NULL, NULL),
('54.11', '54', 11, NULL, 10, NULL, NULL, NULL, NULL),
('54.12', '54', 12, NULL, 10, NULL, NULL, NULL, NULL),
('54.13', '54', 13, NULL, 6, NULL, NULL, NULL, NULL),
('54.14', '54', 14, NULL, 10, NULL, NULL, NULL, NULL),
('54.15', '54', 15, NULL, 8, NULL, NULL, NULL, NULL),
('54.16', '54', 16, NULL, 9, NULL, NULL, NULL, NULL),
('54.2', '54', 2, NULL, 10, NULL, NULL, NULL, NULL),
('54.3', '54', 3, NULL, 9, NULL, NULL, NULL, NULL),
('54.4', '54', 4, NULL, 5, NULL, NULL, NULL, NULL),
('54.5', '54', 5, NULL, 10, NULL, NULL, NULL, NULL),
('54.6', '54', 6, NULL, 10, NULL, NULL, NULL, NULL),
('54.7', '54', 7, NULL, 10, NULL, NULL, NULL, NULL),
('54.8', '54', 8, NULL, 9, NULL, NULL, NULL, NULL),
('54.9', '54', 9, NULL, 8, NULL, NULL, NULL, NULL),
('55.1', '55', 1, NULL, 9, NULL, NULL, NULL, NULL),
('55.10', '55', 10, NULL, 10, NULL, NULL, NULL, NULL),
('55.2', '55', 2, NULL, 10, NULL, NULL, NULL, NULL),
('55.3', '55', 3, NULL, 5, NULL, NULL, NULL, NULL),
('55.4', '55', 4, NULL, 4, NULL, NULL, NULL, NULL),
('55.5', '55', 5, NULL, 10, NULL, NULL, NULL, NULL),
('55.6', '55', 6, NULL, 7, NULL, NULL, NULL, NULL),
('55.7', '55', 7, NULL, 10, NULL, NULL, NULL, NULL),
('55.8', '55', 8, NULL, 7, NULL, NULL, NULL, NULL),
('55.9', '55', 9, NULL, 8, NULL, NULL, NULL, NULL),
('56.1', '56', 1, NULL, 9, NULL, NULL, NULL, NULL),
('56.10', '56', 10, NULL, 8, NULL, NULL, NULL, NULL),
('56.11', '56', 11, NULL, 9, NULL, NULL, NULL, NULL),
('56.12', '56', 12, NULL, 4, NULL, NULL, NULL, NULL),
('56.13', '56', 13, NULL, 1, NULL, NULL, NULL, NULL),
('56.14', '56', 14, NULL, 2, NULL, NULL, NULL, NULL),
('56.15', '56', 15, NULL, 2, NULL, NULL, NULL, NULL),
('56.16', '56', 16, NULL, 3, NULL, NULL, NULL, NULL),
('56.2', '56', 2, NULL, 9, NULL, NULL, NULL, NULL),
('56.3', '56', 3, NULL, 4, NULL, NULL, NULL, NULL),
('56.4', '56', 4, NULL, 5, NULL, NULL, NULL, NULL),
('56.5', '56', 5, NULL, 7, NULL, NULL, NULL, NULL),
('56.6', '56', 6, NULL, 8, NULL, NULL, NULL, NULL),
('56.7', '56', 7, NULL, 10, NULL, NULL, NULL, NULL),
('56.8', '56', 8, NULL, 7, NULL, NULL, NULL, NULL),
('56.9', '56', 9, NULL, 10, NULL, NULL, NULL, NULL),
('57.1', '57', 1, NULL, 10, NULL, NULL, NULL, NULL),
('57.10', '57', 10, NULL, 2, NULL, NULL, NULL, NULL),
('57.11', '57', 11, NULL, 4, NULL, NULL, NULL, NULL),
('57.12', '57', 12, NULL, 3, NULL, NULL, NULL, NULL),
('57.13', '57', 13, NULL, 1, NULL, NULL, NULL, NULL),
('57.14', '57', 14, NULL, 7, NULL, NULL, NULL, NULL),
('57.15', '57', 15, NULL, 1, NULL, NULL, NULL, NULL),
('57.16', '57', 16, NULL, 1, NULL, NULL, NULL, NULL),
('57.2', '57', 2, NULL, 10, NULL, NULL, NULL, NULL),
('57.3', '57', 3, NULL, 9, NULL, NULL, NULL, NULL),
('57.4', '57', 4, NULL, 3, NULL, NULL, NULL, NULL),
('57.5', '57', 5, NULL, 8, NULL, NULL, NULL, NULL),
('57.6', '57', 6, NULL, 5, NULL, NULL, NULL, NULL),
('57.7', '57', 7, NULL, 8, NULL, NULL, NULL, NULL),
('57.9', '57', 9, NULL, 7, NULL, NULL, NULL, NULL),
('58.1', '58', 1, NULL, 10, NULL, NULL, NULL, NULL),
('58.10', '58', 10, NULL, 7, NULL, NULL, NULL, NULL),
('58.11', '58', 11, NULL, 8, NULL, NULL, NULL, NULL),
('58.12', '58', 12, NULL, 10, NULL, NULL, NULL, NULL),
('58.13', '58', 13, NULL, 9, NULL, NULL, NULL, NULL),
('58.14', '58', 14, NULL, 4, NULL, NULL, NULL, NULL),
('58.15', '58', 15, NULL, 8, NULL, NULL, NULL, NULL),
('58.16', '58', 16, NULL, 7, NULL, NULL, NULL, NULL),
('58.2', '58', 2, NULL, 8, NULL, NULL, NULL, NULL),
('58.3', '58', 3, NULL, 10, NULL, NULL, NULL, NULL),
('58.4', '58', 4, NULL, 7, NULL, NULL, NULL, NULL),
('58.5', '58', 5, NULL, 6, NULL, NULL, NULL, NULL),
('58.6', '58', 6, NULL, 9, NULL, NULL, NULL, NULL),
('58.7', '58', 7, NULL, 5, NULL, NULL, NULL, NULL),
('58.8', '58', 8, NULL, 3, NULL, NULL, NULL, NULL),
('58.9', '58', 9, NULL, 4, NULL, NULL, NULL, NULL),
('59.1', '59', 1, NULL, 5, NULL, NULL, NULL, NULL),
('59.10', '59', 10, NULL, 5, NULL, NULL, NULL, NULL),
('59.11', '59', 11, NULL, 5, NULL, NULL, NULL, NULL),
('59.12', '59', 12, NULL, 6, NULL, NULL, NULL, NULL),
('59.13', '59', 13, NULL, 5, NULL, NULL, NULL, NULL),
('59.14', '59', 14, NULL, 9, NULL, NULL, NULL, NULL),
('59.2', '59', 2, NULL, 5, NULL, NULL, NULL, NULL),
('59.3', '59', 3, NULL, 5, NULL, NULL, NULL, NULL),
('59.4', '59', 4, NULL, 5, NULL, NULL, NULL, NULL),
('59.5', '59', 5, NULL, 5, NULL, NULL, NULL, NULL),
('59.6', '59', 6, NULL, 5, NULL, NULL, NULL, NULL),
('59.8', '59', 8, NULL, 5, NULL, NULL, NULL, NULL),
('59.9', '59', 9, NULL, 5, NULL, NULL, NULL, NULL),
('60.1', '60', 1, NULL, 8, NULL, NULL, NULL, NULL),
('60.10', '60', 10, NULL, 10, NULL, NULL, NULL, NULL),
('60.11', '60', 11, NULL, 1, NULL, NULL, NULL, NULL),
('60.12', '60', 12, NULL, 10, NULL, NULL, NULL, NULL),
('60.13', '60', 13, NULL, 1, NULL, NULL, NULL, NULL),
('60.14', '60', 14, NULL, 6, NULL, NULL, NULL, NULL),
('60.15', '60', 15, NULL, 8, NULL, NULL, NULL, NULL),
('60.16', '60', 16, NULL, 6, NULL, NULL, NULL, NULL),
('60.2', '60', 2, NULL, 4, NULL, NULL, NULL, NULL),
('60.3', '60', 3, NULL, 1, NULL, NULL, NULL, NULL),
('60.4', '60', 4, NULL, 1, NULL, NULL, NULL, NULL),
('60.5', '60', 5, NULL, 8, NULL, NULL, NULL, NULL),
('60.6', '60', 6, NULL, 1, NULL, NULL, NULL, NULL),
('60.7', '60', 7, NULL, 10, NULL, NULL, NULL, NULL),
('60.8', '60', 8, NULL, 8, NULL, NULL, NULL, NULL),
('60.9', '60', 9, NULL, 6, NULL, NULL, NULL, NULL),
('61.1', '61', 1, NULL, 7, NULL, NULL, NULL, NULL),
('61.10', '61', 10, NULL, 8, NULL, NULL, NULL, NULL),
('61.11', '61', 11, NULL, 7, NULL, NULL, NULL, NULL),
('61.12', '61', 12, NULL, 9, NULL, NULL, NULL, NULL),
('61.13', '61', 13, NULL, 9, NULL, NULL, NULL, NULL),
('61.14', '61', 14, NULL, 3, NULL, NULL, NULL, NULL),
('61.15', '61', 15, NULL, 7, NULL, NULL, NULL, NULL),
('61.16', '61', 16, NULL, 6, NULL, NULL, NULL, NULL),
('61.2', '61', 2, NULL, 8, NULL, NULL, NULL, NULL),
('61.3', '61', 3, NULL, 10, NULL, NULL, NULL, NULL),
('61.4', '61', 4, NULL, 9, NULL, NULL, NULL, NULL),
('61.5', '61', 5, NULL, 7, NULL, NULL, NULL, NULL),
('61.6', '61', 6, NULL, 8, NULL, NULL, NULL, NULL),
('61.7', '61', 7, NULL, 8, NULL, NULL, NULL, NULL),
('61.8', '61', 8, NULL, 5, NULL, NULL, NULL, NULL),
('61.9', '61', 9, NULL, 4, NULL, NULL, NULL, NULL),
('62.1', '62', 1, NULL, 9, NULL, NULL, NULL, NULL),
('62.10', '62', 10, NULL, 9, NULL, NULL, NULL, NULL),
('62.11', '62', 11, NULL, 10, NULL, NULL, NULL, NULL),
('62.12', '62', 12, NULL, 10, NULL, NULL, NULL, NULL),
('62.13', '62', 13, NULL, 10, NULL, NULL, NULL, NULL),
('62.14', '62', 14, NULL, 9, NULL, NULL, NULL, NULL),
('62.15', '62', 15, NULL, 8, NULL, NULL, NULL, NULL),
('62.16', '62', 16, NULL, 3, NULL, NULL, NULL, NULL),
('62.2', '62', 2, NULL, 6, NULL, NULL, NULL, NULL),
('62.3', '62', 3, NULL, 10, NULL, NULL, NULL, NULL),
('62.4', '62', 4, NULL, 4, NULL, NULL, NULL, NULL),
('62.5', '62', 5, NULL, 9, NULL, NULL, NULL, NULL),
('62.6', '62', 6, NULL, 6, NULL, NULL, NULL, NULL),
('62.7', '62', 7, NULL, 8, NULL, NULL, NULL, NULL),
('62.8', '62', 8, NULL, 9, NULL, NULL, NULL, NULL),
('62.9', '62', 9, NULL, 5, NULL, NULL, NULL, NULL);

-- --------------------------------------------------------

--
-- 테이블 구조 `User`
--

CREATE TABLE `User` (
  `userIndex` int(20) NOT NULL,
  `id` varchar(16) DEFAULT NULL,
  `password` varchar(20) DEFAULT NULL,
  `age` int(4) NOT NULL,
  `gender` varchar(6) NOT NULL,
  `name` varchar(11) DEFAULT NULL,
  `time_affordable` int(11) DEFAULT NULL,
  `expense_affordable` int(11) DEFAULT NULL
) ENGINE=InnoDB DEFAULT CHARSET=utf8;

--
-- 테이블의 덤프 데이터 `User`
--

INSERT INTO `User` (`userIndex`, `id`, `password`, `age`, `gender`, `name`, `time_affordable`, `expense_affordable`) VALUES
(1, NULL, NULL, 40, 'man', NULL, NULL, NULL),
(2, NULL, NULL, 40, 'man', NULL, NULL, NULL),
(3, NULL, NULL, 30, 'woman', NULL, NULL, NULL),
(4, NULL, NULL, 20, 'man', NULL, NULL, NULL),
(5, NULL, NULL, 20, 'man', NULL, NULL, NULL),
(6, NULL, NULL, 50, 'woman', NULL, NULL, NULL),
(7, NULL, NULL, 70, 'woman', NULL, NULL, NULL),
(8, NULL, NULL, 60, 'woman', NULL, NULL, NULL),
(9, NULL, NULL, 60, 'woman', NULL, NULL, NULL),
(10, NULL, NULL, 20, 'man', NULL, NULL, NULL),
(11, NULL, NULL, 20, 'woman', NULL, NULL, NULL),
(12, NULL, NULL, 20, 'man', NULL, NULL, NULL),
(13, NULL, NULL, 20, 'woman', NULL, NULL, NULL),
(14, NULL, NULL, 20, 'man', NULL, NULL, NULL),
(15, NULL, NULL, 30, 'man', NULL, NULL, NULL),
(16, NULL, NULL, 70, 'man', NULL, NULL, NULL),
(17, NULL, NULL, 20, 'man', NULL, NULL, NULL),
(18, NULL, NULL, 50, 'woman', NULL, NULL, NULL),
(19, NULL, NULL, 50, 'woman', NULL, NULL, NULL),
(20, NULL, NULL, 30, 'woman', NULL, NULL, NULL),
(21, NULL, NULL, 20, 'woman', NULL, NULL, NULL),
(22, NULL, NULL, 30, 'woman', NULL, NULL, NULL),
(23, NULL, NULL, 30, 'man', NULL, NULL, NULL),
(24, NULL, NULL, 30, 'man', NULL, NULL, NULL),
(25, NULL, NULL, 30, 'woman', NULL, NULL, NULL),
(26, NULL, NULL, 30, 'man', NULL, NULL, NULL),
(27, NULL, NULL, 30, 'man', NULL, NULL, NULL),
(28, NULL, NULL, 20, 'man', NULL, NULL, NULL),
(29, NULL, NULL, 60, 'man', NULL, NULL, NULL),
(30, NULL, NULL, 50, 'woman', NULL, NULL, NULL),
(31, NULL, NULL, 40, 'woman', NULL, NULL, NULL),
(32, NULL, NULL, 20, 'woman', NULL, NULL, NULL),
(33, NULL, NULL, 20, 'man', NULL, NULL, NULL),
(34, NULL, NULL, 20, 'woman', NULL, NULL, NULL),
(35, NULL, NULL, 20, 'man', NULL, NULL, NULL),
(36, NULL, NULL, 20, 'woman', NULL, NULL, NULL),
(37, NULL, NULL, 20, 'man', NULL, NULL, NULL),
(38, NULL, NULL, 20, 'woman', NULL, NULL, NULL),
(39, NULL, NULL, 20, 'man', NULL, NULL, NULL),
(40, NULL, NULL, 30, 'woman', NULL, NULL, NULL),
(41, NULL, NULL, 20, 'woman', NULL, NULL, NULL),
(42, NULL, NULL, 20, 'woman', NULL, NULL, NULL),
(43, NULL, NULL, 20, 'man', NULL, NULL, NULL),
(44, NULL, NULL, 20, 'woman', NULL, NULL, NULL),
(45, NULL, NULL, 20, 'man', NULL, NULL, NULL),
(46, NULL, NULL, 20, 'woman', NULL, NULL, NULL),
(47, NULL, NULL, 20, 'woman', NULL, NULL, NULL),
(48, NULL, NULL, 20, 'man', NULL, NULL, NULL),
(49, NULL, NULL, 30, 'woman', NULL, NULL, NULL),
(50, NULL, NULL, 20, 'man', NULL, NULL, NULL),
(51, NULL, NULL, 20, 'woman', NULL, NULL, NULL),
(52, NULL, NULL, 20, 'man', NULL, NULL, NULL),
(53, NULL, NULL, 20, 'woman', NULL, NULL, NULL),
(54, NULL, NULL, 60, 'woman', NULL, NULL, NULL),
(55, NULL, NULL, 20, 'woman', NULL, NULL, NULL),
(56, NULL, NULL, 20, 'man', NULL, NULL, NULL),
(57, NULL, NULL, 30, 'woman', NULL, NULL, NULL),
(58, NULL, NULL, 20, 'man', NULL, NULL, NULL),
(59, NULL, NULL, 60, 'woman', NULL, NULL, NULL),
(60, NULL, NULL, 30, 'man', NULL, NULL, NULL),
(61, NULL, NULL, 20, 'man', NULL, NULL, NULL),
(62, NULL, NULL, 20, 'man', NULL, NULL, NULL);

--
-- 덤프된 테이블의 인덱스
--

--
-- 테이블의 인덱스 `Mission`
--
ALTER TABLE `Mission`
  ADD PRIMARY KEY (`missionID`);

--
-- 테이블의 인덱스 `MissionEvaluation`
--
ALTER TABLE `MissionEvaluation`
  ADD PRIMARY KEY (`evaluationIndex`),
  ADD KEY `mission` (`mission`),
  ADD KEY `userRelation` (`user`);

--
-- 테이블의 인덱스 `User`
--
ALTER TABLE `User`
  ADD PRIMARY KEY (`userIndex`);

--
-- 덤프된 테이블의 AUTO_INCREMENT
--

--
-- 테이블의 AUTO_INCREMENT `Mission`
--
ALTER TABLE `Mission`
  MODIFY `missionID` int(11) NOT NULL AUTO_INCREMENT, AUTO_INCREMENT=17;

--
-- 테이블의 AUTO_INCREMENT `User`
--
ALTER TABLE `User`
  MODIFY `userIndex` int(20) NOT NULL AUTO_INCREMENT, AUTO_INCREMENT=63;
COMMIT;


